idx_original,Reference,Water/binder ratio,"Heating rate, °C/min",Moisture content,"Characteristic length, mm","Maximum exposure temperature, °C",Silica fume/binder ratio,"Maximum aggregate size, mm","Quantity of PP fiber, kg/m³",output,correct_oof
0,1,0.20100000000000001,5,0.050000000000000003,51,100,0.10000000000000001,13,0,0,1
1,1,0.20100000000000001,5,0.050000000000000003,51,200,0.10000000000000001,13,0,0,1
2,1,0.20100000000000001,5,0.050000000000000003,51,300,0.10000000000000001,13,0,1,0
3,1,0.20100000000000001,5,0.050000000000000003,51,450,0.10000000000000001,13,0,1,1
4,1,0.29999999999999999,5,0.060999999999999999,51,100,0.10000000000000001,13,0,0,1
5,1,0.29999999999999999,5,0.060999999999999999,51,200,0.10000000000000001,13,0,0,1
6,1,0.29999999999999999,5,0.060999999999999999,51,300,0.10000000000000001,13,0,1,0
7,1,0.29999999999999999,5,0.060999999999999999,51,450,0.10000000000000001,13,0,0,0
8,1,0.29999999999999999,5,0.063,51,100,0,13,0,0,1
9,1,0.29999999999999999,5,0.063,51,200,0,13,0,0,1
10,1,0.29999999999999999,5,0.063,51,300,0,13,0,0,1
11,1,0.29999999999999999,5,0.063,51,450,0,13,0,0,0
12,1,0.56599999999999995,5,0.072999999999999995,51,100,0,13,0,0,1
13,1,0.56599999999999995,5,0.072999999999999995,51,200,0,13,0,0,1
14,1,0.56599999999999995,5,0.072999999999999995,51,300,0,13,0,0,1
15,1,0.56599999999999995,5,0.072999999999999995,51,450,0,13,0,0,1
16,2,0.26000000000000001,10,0.035000000000000003,50,200,0.083000000000000004,20,0,0,1
17,2,0.26000000000000001,10,0.035000000000000003,50,400,0.083000000000000004,20,0,1,0
18,2,0.26000000000000001,10,0.035000000000000003,50,600,0.083000000000000004,20,0,1,1
19,2,0.26000000000000001,10,0.035000000000000003,50,800,0.083000000000000004,20,0,1,1
20,2,0.26000000000000001,10,0.035000000000000003,50,200,0.083000000000000004,20,0,0,1
21,2,0.26000000000000001,10,0.035000000000000003,50,400,0.083000000000000004,20,0,0,1
22,2,0.26000000000000001,10,0.035000000000000003,50,600,0.083000000000000004,20,0,0,0
23,2,0.26000000000000001,10,0.035000000000000003,50,800,0.083000000000000004,20,0,1,1
24,2,0.26000000000000001,10,0.035000000000000003,50,200,0.083000000000000004,20,5.4000000000000004,0,1
25,2,0.26000000000000001,10,0.035000000000000003,50,400,0.083000000000000004,20,5.4000000000000004,0,1
26,2,0.26000000000000001,10,0.035000000000000003,50,600,0.083000000000000004,20,5.4000000000000004,0,1
27,2,0.26000000000000001,10,0.035000000000000003,50,800,0.083000000000000004,20,5.4000000000000004,0,1
28,2,0.26000000000000001,10,0.035000000000000003,50,200,0.083000000000000004,20,2.7000000000000002,0,1
29,2,0.26000000000000001,10,0.035000000000000003,50,400,0.083000000000000004,20,2.7000000000000002,0,1
30,2,0.26000000000000001,10,0.035000000000000003,50,600,0.083000000000000004,20,2.7000000000000002,0,1
31,2,0.26000000000000001,10,0.035000000000000003,50,800,0.083000000000000004,20,2.7000000000000002,0,1
32,3,0.53300000000000003,150,0.017999999999999999,50,200,0,20,0,0,1
33,3,0.53300000000000003,105,0.017999999999999999,50,400,0,20,0,0,1
34,3,0.53300000000000003,75,0.017999999999999999,50,600,0,20,0,0,1
35,3,0.53300000000000003,66,0.017999999999999999,50,678,0,20,0,0,1
36,3,0.29999999999999999,150,0.012,50,200,0,20,0,0,1
37,3,0.29999999999999999,105,0.012,50,400,0,20,0,0,1
38,3,0.29999999999999999,75,0.012,50,600,0,20,0,0,0
39,3,0.29999999999999999,66,0.012,50,678,0,20,0,0,0
40,3,0.26100000000000001,150,0.021000000000000001,50,200,0,20,0,0,1
41,3,0.26100000000000001,105,0.021000000000000001,50,400,0,20,0,0,1
42,3,0.26100000000000001,75,0.021000000000000001,50,600,0,20,0,0,0
43,3,0.26100000000000001,66,0.021000000000000001,50,678,0,20,0,0,0
44,3,0.53300000000000003,66,0,50,678,0,20,0,0,1
45,3,0.53300000000000003,66,0.036999999999999998,50,678,0,20,0,0,1
46,3,0.29999999999999999,66,0,50,678,0,20,0,0,1
47,3,0.29999999999999999,66,0.014,50,678,0,20,0,0,0
48,3,0.26100000000000001,66,0,50,678,0,20,0,0,1
49,3,0.26100000000000001,66,0.025999999999999999,50,678,0,20,0,0,0
50,3,0.29999999999999999,150,0.012,75,200,0,20,0,0,1
51,3,0.29999999999999999,105,0.012,75,400,0,20,0,0,1
52,3,0.29999999999999999,75,0.012,75,600,0,20,0,0,0
53,3,0.29999999999999999,66,0.012,75,678,0,20,0,0,0
54,4,0.26000000000000001,10,0,50,400,0.107,16,0.59999999999999998,0,1
55,4,0.26000000000000001,10,0,50,600,0.107,16,0.59999999999999998,0,1
56,5,0.5,20,0,35,200,0,15,0,0,1
57,5,0.5,20,0,35,400,0,15,0,0,1
58,5,0.5,20,0,35,600,0,15,0,0,1
59,5,0.5,20,0,35,800,0,15,0,0,1
60,5,0.59999999999999998,20,0,35,200,0,15,0,0,1
61,5,0.59999999999999998,20,0,35,400,0,15,0,0,1
62,5,0.59999999999999998,20,0,35,600,0,15,0,0,1
63,5,0.59999999999999998,20,0,35,800,0,15,0,0,1
64,5,0.40000000000000002,20,0,35,200,0,15,0,0,1
65,5,0.40000000000000002,20,0,35,400,0,15,0,0,1
66,5,0.40000000000000002,20,0,35,600,0,15,0,0,1
67,5,0.40000000000000002,20,0,35,800,0,15,0,0,1
68,5,0.5,20,0,35,200,0,15,0,0,1
69,5,0.5,20,0,35,400,0,15,0,0,1
70,5,0.5,20,0,35,600,0,15,0,0,1
71,5,0.5,20,0,35,800,0,15,0,0,1
72,6,0.30099999999999999,66,0.049000000000000002,100,678,0,16,0,1,1
73,6,0.39600000000000002,66,0.050999999999999997,100,678,0,16,0,1,1
74,6,0.39500000000000002,66,0.048000000000000001,100,678,0,16,1,0,1
75,6,0.57299999999999995,66,0.051999999999999998,100,678,0,16,0,1,0
76,7,0.54000000000000004,5,0.035000000000000003,75,300,0,16,0,0,1
77,7,0.54000000000000004,5,0.035000000000000003,75,500,0,16,0,0,1
78,7,0.54000000000000004,5,0.035000000000000003,75,700,0,16,0,0,1
79,7,0.54000000000000004,5,0.035000000000000003,50,300,0,16,0,0,1
80,7,0.54000000000000004,5,0.035000000000000003,50,500,0,16,0,0,1
81,7,0.54000000000000004,5,0.035000000000000003,50,700,0,16,0,0,1
82,7,0.56999999999999995,5,0.035000000000000003,75,300,0,32,0,0,1
83,7,0.56999999999999995,5,0.035000000000000003,75,500,0,32,0,0,1
84,7,0.56999999999999995,5,0.035000000000000003,75,700,0,32,0,0,1
85,7,0.56999999999999995,5,0.035000000000000003,50,300,0,32,0,0,1
86,7,0.56999999999999995,5,0.035000000000000003,50,500,0,32,0,0,1
87,7,0.56999999999999995,5,0.035000000000000003,50,700,0,32,0,0,1
88,7,0.46000000000000002,5,0.035000000000000003,75,300,0,16,0,0,1
89,7,0.46000000000000002,5,0.035000000000000003,75,500,0,16,0,0,1
90,7,0.46000000000000002,5,0.035000000000000003,75,700,0,16,0,1,1
91,7,0.46000000000000002,5,0.035000000000000003,50,300,0,16,0,0,1
92,7,0.46000000000000002,5,0.035000000000000003,50,500,0,16,0,0,1
93,7,0.46000000000000002,5,0.035000000000000003,50,700,0,16,0,1,0
94,7,0.42999999999999999,5,0.035000000000000003,75,300,0.043999999999999997,16,0,0,1
95,7,0.42999999999999999,5,0.035000000000000003,75,500,0.043999999999999997,16,0,1,0
96,7,0.42999999999999999,5,0.035000000000000003,75,700,0.043999999999999997,16,0,1,0
97,7,0.42999999999999999,5,0.035000000000000003,50,300,0.043999999999999997,16,0,0,1
98,7,0.42999999999999999,5,0.035000000000000003,50,500,0.043999999999999997,16,0,1,0
99,7,0.42999999999999999,5,0.035000000000000003,50,700,0.043999999999999997,16,0,1,0
100,7,0.59999999999999998,5,0.035000000000000003,75,300,0,16,0,0,1
101,7,0.59999999999999998,5,0.035000000000000003,75,500,0,16,0,0,1
102,7,0.59999999999999998,5,0.035000000000000003,75,700,0,16,0,0,1
103,7,0.59999999999999998,5,0.035000000000000003,50,300,0,16,0,0,1
104,7,0.59999999999999998,5,0.035000000000000003,50,500,0,16,0,0,1
105,7,0.59999999999999998,5,0.035000000000000003,50,700,0,16,0,0,1
106,7,0.56999999999999995,5,0.035000000000000003,75,300,0,16,0,0,1
107,7,0.56999999999999995,5,0.035000000000000003,75,500,0,16,0,0,1
108,7,0.56999999999999995,5,0.035000000000000003,75,700,0,16,0,0,1
109,7,0.56999999999999995,5,0.035000000000000003,50,300,0,16,0,0,1
110,7,0.56999999999999995,5,0.035000000000000003,50,500,0,16,0,0,1
111,7,0.56999999999999995,5,0.035000000000000003,50,700,0,16,0,0,1
112,7,0.46000000000000002,5,0.035000000000000003,75,300,0,16,0,0,1
113,7,0.46000000000000002,5,0.035000000000000003,75,500,0,16,0,0,1
114,7,0.46000000000000002,5,0.035000000000000003,75,700,0,16,0,1,1
115,7,0.46000000000000002,5,0.035000000000000003,50,300,0,16,0,0,1
116,7,0.46000000000000002,5,0.035000000000000003,50,500,0,16,0,0,1
117,7,0.46000000000000002,5,0.035000000000000003,50,700,0,16,0,1,0
118,7,0.45000000000000001,5,0.035000000000000003,75,300,0,16,0,0,1
119,7,0.45000000000000001,5,0.035000000000000003,75,500,0,16,0,1,0
120,7,0.45000000000000001,5,0.035000000000000003,75,700,0,16,0,1,1
121,7,0.45000000000000001,5,0.035000000000000003,50,300,0,16,0,0,1
122,7,0.45000000000000001,5,0.035000000000000003,50,500,0,16,0,1,0
123,7,0.45000000000000001,5,0.035000000000000003,50,700,0,16,0,1,0
124,8,0.54900000000000004,5,0.035000000000000003,75,300,0,32,0,0,1
125,8,0.54900000000000004,5,0.035000000000000003,75,500,0,32,0,0,1
126,8,0.54900000000000004,5,0.035000000000000003,75,700,0,32,0,0,1
127,8,0.29999999999999999,5,0.035000000000000003,75,300,0,8,0,0,1
128,8,0.29999999999999999,5,0.035000000000000003,75,500,0,8,0,0,0
129,8,0.29999999999999999,5,0.035000000000000003,75,700,0,8,0,1,1
130,8,0.26400000000000001,5,0.035000000000000003,75,300,0.087999999999999995,8,0,0,1
131,8,0.26400000000000001,5,0.035000000000000003,75,500,0.087999999999999995,8,0,1,1
132,8,0.26400000000000001,5,0.035000000000000003,75,700,0.087999999999999995,8,0,1,1
133,8,0.54900000000000004,5,0.035000000000000003,75,300,0,32,0,0,1
134,8,0.54900000000000004,5,0.035000000000000003,75,500,0,32,0,0,1
135,8,0.54900000000000004,5,0.035000000000000003,75,700,0,32,0,0,1
136,8,0.29999999999999999,5,0.035000000000000003,75,300,0,8,0,0,1
137,8,0.29999999999999999,5,0.035000000000000003,75,500,0,8,0,0,0
138,8,0.29999999999999999,5,0.035000000000000003,75,700,0,8,0,1,1
139,8,0.26400000000000001,5,0.035000000000000003,75,300,0.087999999999999995,8,0,0,1
140,8,0.26400000000000001,5,0.035000000000000003,75,500,0.087999999999999995,8,0,1,1
141,8,0.26400000000000001,5,0.035000000000000003,75,700,0.087999999999999995,8,0,1,1
142,9,0.29999999999999999,5,0.067000000000000004,50,600,0,13,0,1,0
143,9,0.29999999999999999,10,0.067000000000000004,50,600,0,13,0,0,1
144,9,0.29999999999999999,40,0.067000000000000004,50,800,0,13,0,0,0
145,9,0.29999999999999999,5,0.067000000000000004,50,600,0,13,0.90000000000000002,0,1
146,9,0.29999999999999999,10,0.067000000000000004,50,600,0,13,0.90000000000000002,0,1
147,9,0.29999999999999999,40,0.067000000000000004,50,800,0,13,0.90000000000000002,0,1
148,9,0.29999999999999999,5,0.067000000000000004,50,600,0,13,0.90000000000000002,0,1
149,9,0.29999999999999999,10,0.067000000000000004,50,600,0,13,0.90000000000000002,0,1
150,9,0.29999999999999999,40,0.067000000000000004,50,800,0,13,0.90000000000000002,0,1
151,9,0.29999999999999999,5,0.067000000000000004,50,600,0,13,0.90000000000000002,0,1
152,9,0.29999999999999999,10,0.067000000000000004,50,600,0,13,0.90000000000000002,0,1
153,9,0.29999999999999999,40,0.067000000000000004,50,800,0,13,0.90000000000000002,0,1
154,9,0.29999999999999999,5,0.067000000000000004,50,600,0,13,0.90000000000000002,0,1
155,9,0.29999999999999999,10,0.067000000000000004,50,600,0,13,0.90000000000000002,0,1
156,9,0.29999999999999999,40,0.067000000000000004,50,800,0,13,0.90000000000000002,0,1
157,10,0.19,30,0,25,500,0.23200000000000001,0.59999999999999998,0,1,1
158,10,0.19,30,0,25,500,0.23200000000000001,0.59999999999999998,0,1,1
159,10,0.19,2,0,25,200,0.23200000000000001,0.59999999999999998,0,0,1
160,10,0.19,2,0,25,300,0.23200000000000001,0.59999999999999998,0,0,1
161,10,0.19,2,0,25,400,0.23200000000000001,0.59999999999999998,0,0,1
162,10,0.19,2,0,25,500,0.23200000000000001,0.59999999999999998,0,0,0
163,10,0.19,2,0,25,600,0.23200000000000001,0.59999999999999998,0,0,0
164,10,0.19,2,0,25,700,0.23200000000000001,0.59999999999999998,0,0,0
165,10,0.19,2,0,25,800,0.23200000000000001,0.59999999999999998,0,0,0
166,10,0.19,2,0,25,200,0.23200000000000001,0.59999999999999998,0,0,1
167,10,0.19,2,0,25,300,0.23200000000000001,0.59999999999999998,0,0,1
168,10,0.19,2,0,25,400,0.23200000000000001,0.59999999999999998,0,0,1
169,10,0.19,2,0,25,500,0.23200000000000001,0.59999999999999998,0,0,0
170,10,0.19,2,0,25,600,0.23200000000000001,0.59999999999999998,0,0,0
171,10,0.19,2,0,25,700,0.23200000000000001,0.59999999999999998,0,0,0
172,10,0.19,2,0,25,800,0.23200000000000001,0.59999999999999998,0,0,0
173,10,0.19,2,0,25,200,0.23200000000000001,0.59999999999999998,0,0,1
174,10,0.19,2,0,25,300,0.23200000000000001,0.59999999999999998,0,0,1
175,10,0.19,2,0,25,400,0.23200000000000001,0.59999999999999998,0,0,1
176,10,0.19,2,0,25,500,0.23200000000000001,0.59999999999999998,0,0,0
177,10,0.19,2,0,25,600,0.23200000000000001,0.59999999999999998,0,0,0
178,10,0.19,2,0,25,700,0.23200000000000001,0.59999999999999998,0,0,0
179,10,0.19,2,0,25,800,0.23200000000000001,0.59999999999999998,0,0,0
180,10,0.19,30,0,25,200,0.23200000000000001,0.59999999999999998,0,0,1
181,10,0.19,30,0,25,300,0.23200000000000001,0.59999999999999998,0,0,1
182,10,0.19,30,0,25,400,0.23200000000000001,0.59999999999999998,0,0,0
183,10,0.19,30,0,25,600,0.23200000000000001,0.59999999999999998,0,1,1
184,10,0.19,30,0,25,700,0.23200000000000001,0.59999999999999998,0,1,1
185,10,0.19,30,0,25,800,0.23200000000000001,0.59999999999999998,0,1,1
186,10,0.19,30,0,25,200,0.23200000000000001,0.59999999999999998,0,0,1
187,10,0.19,30,0,25,300,0.23200000000000001,0.59999999999999998,0,0,1
188,10,0.19,30,0,25,400,0.23200000000000001,0.59999999999999998,0,0,0
189,10,0.19,30,0,25,600,0.23200000000000001,0.59999999999999998,0,1,1
190,10,0.19,30,0,25,700,0.23200000000000001,0.59999999999999998,0,1,1
191,10,0.19,30,0,25,800,0.23200000000000001,0.59999999999999998,0,1,1
192,10,0.19,30,0,25,200,0.23200000000000001,0.59999999999999998,0,0,1
193,10,0.19,30,0,25,300,0.23200000000000001,0.59999999999999998,0,0,1
194,10,0.19,30,0,25,400,0.23200000000000001,0.59999999999999998,0,0,0
195,10,0.19,30,0,25,500,0.23200000000000001,0.59999999999999998,0,1,1
196,10,0.19,30,0,25,600,0.23200000000000001,0.59999999999999998,0,1,1
197,10,0.19,30,0,25,700,0.23200000000000001,0.59999999999999998,0,1,1
198,10,0.19,30,0,25,800,0.23200000000000001,0.59999999999999998,0,1,1
199,11,0.42099999999999999,3,0.025000000000000001,50,150,0,20,0,0,1
200,11,0.42099999999999999,3,0.025000000000000001,50,200,0,20,0,0,1
201,11,0.42099999999999999,3,0.025000000000000001,50,250,0,20,0,0,1
202,11,0.42099999999999999,3,0.025000000000000001,50,300,0,20,0,0,1
203,11,0.42099999999999999,3,0.025000000000000001,50,350,0,20,0,0,1
204,11,0.42099999999999999,3,0.025000000000000001,50,400,0,20,0,0,1
205,11,0.42099999999999999,3,0.025000000000000001,50,450,0,20,0,0,1
206,12,0.57999999999999996,66,0.050000000000000003,50,678,0,14,0,0,0
207,12,0.46000000000000002,66,0.052999999999999999,50,678,0,14,0,1,0
208,12,0.34000000000000002,66,0.055,50,678,0,14,0,1,0
209,12,0.29999999999999999,66,0.055,50,678,0,14,0,1,1
210,13,0.60999999999999999,5,0.035999999999999997,50,800,0,14,0,0,1
211,13,0.60999999999999999,5,0.036999999999999998,50,800,0,10,0,1,0
212,13,0.60999999999999999,5,0.035999999999999997,50,800,0,4.75,0,1,0
213,13,0.41999999999999998,5,0.036999999999999998,50,800,0,14,0,0,0
214,13,0.41999999999999998,5,0.036999999999999998,50,800,0,10,0,1,1
215,13,0.41999999999999998,5,0.036999999999999998,50,800,0,4.75,0,1,1
216,13,0.60999999999999999,5,0.025000000000000001,50,800,0,14,0,0,1
217,13,0.60999999999999999,5,0.025999999999999999,50,800,0,10,0,0,1
218,13,0.60999999999999999,5,0.025999999999999999,50,800,0,4.75,0,1,0
219,13,0.41999999999999998,5,0.028000000000000001,50,800,0,14,0,0,0
220,13,0.41999999999999998,5,0.027,50,800,0,10,0,0,0
221,13,0.41999999999999998,5,0.027,50,800,0,4.75,0,1,1
222,14,0.23999999999999999,10,0.029999999999999999,50,300,0,1,0,0,1
223,14,0.23999999999999999,10,0.029999999999999999,50,600,0,1,0,1,1
224,14,0.23999999999999999,10,0.029999999999999999,50,900,0,1,0,1,1
225,14,0.23999999999999999,10,0.029999999999999999,25,300,0,1,0,0,1
226,14,0.23999999999999999,10,0.029999999999999999,25,600,0,1,0,1,1
227,14,0.23999999999999999,10,0.029999999999999999,25,900,0,1,0,1,1
228,14,0.23999999999999999,10,0.029999999999999999,50,300,0,1,7.2800000000000002,0,1
229,14,0.23999999999999999,10,0.029999999999999999,50,600,0,1,7.2800000000000002,1,0
230,14,0.23999999999999999,10,0.029999999999999999,50,900,0,1,7.2800000000000002,1,0
231,14,0.23999999999999999,10,0.029999999999999999,25,300,0,1,14.56,0,1
232,14,0.23999999999999999,10,0.029999999999999999,25,600,0,1,14.56,0,1
233,14,0.23999999999999999,10,0.029999999999999999,25,900,0,1,14.56,0,1
234,15,0.53700000000000003,66,0.037999999999999999,75,678,0,20,0,0,1
235,16,0.186,0.25,0.029999999999999999,75,500,0.14000000000000001,0.5,0,0,0
236,16,0.186,0.5,0.029999999999999999,75,500,0.14000000000000001,0.5,0,1,1
237,16,0.26900000000000002,0.5,0.040000000000000001,75,500,0.099000000000000005,8,0,0,1
238,16,0.26900000000000002,1,0.040000000000000001,75,500,0.099000000000000005,8,0,0,1
239,16,0.26900000000000002,1.5,0.040000000000000001,75,500,0.099000000000000005,8,0,0,1
240,16,0.26900000000000002,2,0.040000000000000001,75,500,0.099000000000000005,8,0,1,0
241,16,0.26900000000000002,2.5,0.040000000000000001,75,500,0.099000000000000005,8,0,1,0
242,16,0.26900000000000002,4,0.040000000000000001,75,500,0.099000000000000005,8,0,1,1
243,16,0.33000000000000002,5,0.029000000000000001,75,500,0,16,0,0,1
244,16,0.33000000000000002,6,0.029000000000000001,75,500,0,16,0,0,1
245,16,0.33000000000000002,8,0.029000000000000001,75,500,0,16,0,0,1
246,16,0.186,0.25,0.034000000000000002,75,500,0.14000000000000001,0.5,0,0,0
247,16,0.186,0.5,0.034000000000000002,75,500,0.14000000000000001,0.5,0,0,0
248,16,0.186,0.75,0.034000000000000002,75,500,0.14000000000000001,0.5,0,1,1
249,16,0.186,1,0.034000000000000002,75,500,0.14000000000000001,0.5,0,1,1
250,16,0.26900000000000002,0.5,0.037999999999999999,75,500,0.099000000000000005,8,0,0,1
251,16,0.26900000000000002,1,0.037999999999999999,75,500,0.099000000000000005,8,0,0,1
252,16,0.26900000000000002,1.75,0.037999999999999999,75,500,0.099000000000000005,8,0,1,1
253,16,0.26900000000000002,2,0.037999999999999999,75,500,0.099000000000000005,8,0,1,1
254,16,0.26900000000000002,2.5,0.037999999999999999,75,500,0.099000000000000005,8,0,1,1
255,16,0.26900000000000002,3,0.037999999999999999,75,500,0.099000000000000005,8,0,1,1
256,16,0.33000000000000002,3,0.027,75,500,0,16,0,0,1
257,16,0.33000000000000002,4,0.027,75,500,0,16,0,0,1
258,16,0.33000000000000002,8,0.027,75,500,0,16,0,0,1
259,16,0.186,2,0,20,150,0.14000000000000001,0.5,0,0,1
260,16,0.186,2,0,20,175,0.14000000000000001,0.5,0,0,1
261,16,0.186,2,0,20,200,0.14000000000000001,0.5,0,0,1
262,16,0.186,2,0,20,250,0.14000000000000001,0.5,0,0,1
263,16,0.186,1.3,0,20,300,0.14000000000000001,0.5,0,0,1
264,16,0.186,0.92000000000000004,0,20,400,0.14000000000000001,0.5,0,0,1
265,16,0.186,0.78000000000000003,0,20,500,0.14000000000000001,0.5,0,0,1
266,16,0.26900000000000002,2,0,20,150,0.099000000000000005,8,0,0,1
267,16,0.26900000000000002,2,0,20,175,0.099000000000000005,8,0,0,1
268,16,0.26900000000000002,2,0,20,200,0.099000000000000005,8,0,0,1
269,16,0.26900000000000002,2,0,20,250,0.099000000000000005,8,0,0,1
270,16,0.26900000000000002,1.3,0,20,300,0.099000000000000005,8,0,0,1
271,16,0.26900000000000002,0.92000000000000004,0,20,400,0.099000000000000005,8,0,0,1
272,16,0.26900000000000002,0.78000000000000003,0,20,500,0.099000000000000005,8,0,0,1
273,16,0.33000000000000002,2,0,20,150,0,16,0,0,1
274,16,0.33000000000000002,2,0,20,175,0,16,0,0,1
275,16,0.33000000000000002,2,0,20,200,0,16,0,0,1
276,16,0.33000000000000002,2,0,20,250,0,16,0,0,1
277,16,0.33000000000000002,1.3,0,20,300,0,16,0,0,1
278,16,0.33000000000000002,0.92000000000000004,0,20,400,0,16,0,0,1
279,16,0.33000000000000002,0.78000000000000003,0,20,500,0,16,0,0,1
280,16,0.186,2,0,20,150,0.14000000000000001,0.5,0,0,1
281,16,0.186,2,0,20,175,0.14000000000000001,0.5,0,0,1
282,16,0.186,2,0,20,200,0.14000000000000001,0.5,0,0,1
283,16,0.186,2,0,20,250,0.14000000000000001,0.5,0,0,1
284,16,0.186,1.3,0,20,300,0.14000000000000001,0.5,0,0,1
285,16,0.186,0.92000000000000004,0,20,400,0.14000000000000001,0.5,0,0,1
286,16,0.186,0.78000000000000003,0,20,500,0.14000000000000001,0.5,0,0,1
287,16,0.26900000000000002,2,0,20,150,0.099000000000000005,8,0,0,1
288,16,0.26900000000000002,2,0,20,175,0.099000000000000005,8,0,0,1
289,16,0.26900000000000002,2,0,20,200,0.099000000000000005,8,0,0,1
290,16,0.26900000000000002,2,0,20,250,0.099000000000000005,8,0,0,1
291,16,0.26900000000000002,1.3,0,20,300,0.099000000000000005,8,0,0,1
292,16,0.26900000000000002,0.92000000000000004,0,20,400,0.099000000000000005,8,0,0,1
293,16,0.26900000000000002,0.78000000000000003,0,20,500,0.099000000000000005,8,0,0,1
294,16,0.33000000000000002,2,0,20,150,0,16,0,0,1
295,16,0.33000000000000002,2,0,20,175,0,16,0,0,1
296,16,0.33000000000000002,2,0,20,200,0,16,0,0,1
297,16,0.33000000000000002,2,0,20,250,0,16,0,0,1
298,16,0.33000000000000002,1.3,0,20,300,0,16,0,0,1
299,16,0.33000000000000002,0.92000000000000004,0,20,400,0,16,0,0,1
300,16,0.33000000000000002,0.78000000000000003,0,20,500,0,16,0,0,1
301,16,0.186,2,0,20,150,0.14000000000000001,0.5,2,0,1
302,16,0.186,2,0,20,175,0.14000000000000001,0.5,2,0,1
303,16,0.186,2,0,20,200,0.14000000000000001,0.5,2,0,1
304,16,0.186,2,0,20,250,0.14000000000000001,0.5,2,0,1
305,16,0.186,1.3,0,20,300,0.14000000000000001,0.5,2,0,1
306,16,0.186,0.92000000000000004,0,20,400,0.14000000000000001,0.5,2,0,1
307,16,0.186,0.78000000000000003,0,20,500,0.14000000000000001,0.5,2,0,1
308,16,0.26900000000000002,2,0,20,150,0.099000000000000005,8,2,0,1
309,16,0.26900000000000002,2,0,20,175,0.099000000000000005,8,2,0,1
310,16,0.26900000000000002,2,0,20,200,0.099000000000000005,8,2,0,1
311,16,0.26900000000000002,2,0,20,250,0.099000000000000005,8,2,0,1
312,16,0.26900000000000002,1.3,0,20,300,0.099000000000000005,8,2,0,1
313,16,0.26900000000000002,0.92000000000000004,0,20,400,0.099000000000000005,8,2,0,1
314,16,0.26900000000000002,0.78000000000000003,0,20,500,0.099000000000000005,8,2,0,1
315,16,0.33000000000000002,2,0,20,150,0,16,2,0,1
316,16,0.33000000000000002,2,0,20,175,0,16,2,0,1
317,16,0.33000000000000002,2,0,20,200,0,16,2,0,1
318,16,0.33000000000000002,2,0,20,250,0,16,2,0,1
319,16,0.33000000000000002,1.3,0,20,300,0,16,2,0,1
320,16,0.33000000000000002,0.92000000000000004,0,20,400,0,16,2,0,1
321,16,0.33000000000000002,0.78000000000000003,0,20,500,0,16,2,0,1
322,16,0.186,2,0,20,150,0.14000000000000001,0.5,2,0,1
323,16,0.186,2,0,20,175,0.14000000000000001,0.5,2,0,1
324,16,0.186,2,0,20,200,0.14000000000000001,0.5,2,0,1
325,16,0.186,2,0,20,250,0.14000000000000001,0.5,2,0,1
326,16,0.186,1.3,0,20,300,0.14000000000000001,0.5,2,0,1
327,16,0.186,0.92000000000000004,0,20,400,0.14000000000000001,0.5,2,0,1
328,16,0.186,0.78000000000000003,0,20,500,0.14000000000000001,0.5,2,0,1
329,16,0.26900000000000002,2,0,20,150,0.099000000000000005,8,2,0,1
330,16,0.26900000000000002,2,0,20,175,0.099000000000000005,8,2,0,1
331,16,0.26900000000000002,2,0,20,200,0.099000000000000005,8,2,0,1
332,16,0.26900000000000002,2,0,20,250,0.099000000000000005,8,2,0,1
333,16,0.26900000000000002,1.3,0,20,300,0.099000000000000005,8,2,0,1
334,16,0.26900000000000002,0.92000000000000004,0,20,400,0.099000000000000005,8,2,0,1
335,16,0.26900000000000002,0.78000000000000003,0,20,500,0.099000000000000005,8,2,0,1
336,16,0.33000000000000002,2,0,20,150,0,16,2,0,1
337,16,0.33000000000000002,2,0,20,175,0,16,2,0,1
338,16,0.33000000000000002,2,0,20,200,0,16,2,0,1
339,16,0.33000000000000002,2,0,20,250,0,16,2,0,1
340,16,0.33000000000000002,1.3,0,20,300,0,16,2,0,1
341,16,0.33000000000000002,0.92000000000000004,0,20,400,0,16,2,0,1
342,16,0.33000000000000002,0.78000000000000003,0,20,500,0,16,2,0,1
343,17,0.19600000000000001,23.5,0.001,38.100000000000001,200,0,0.28000000000000003,0,0,1
344,17,0.19600000000000001,23.5,0.001,38.100000000000001,400,0,0.28000000000000003,0,0,1
345,17,0.19600000000000001,23.5,0.001,38.100000000000001,600,0,0.28000000000000003,0,1,1
346,18,0.22900000000000001,66,0.029999999999999999,175,678,0.11799999999999999,8,0,1,1
347,18,0.312,240,0.025000000000000001,175,1200,0.083000000000000004,8,0,1,1
348,19,0.5,66,0.059999999999999998,45,678,0,13,0,0,0
349,19,0.29999999999999999,66,0.059999999999999998,45,678,0,13,0,1,1
350,19,0.29999999999999999,66,0.059999999999999998,45,678,0,13,0.90000000000000002,0,1
351,19,0.29999999999999999,66,0.059999999999999998,45,678,0,13,0.90000000000000002,0,1
352,19,0.29999999999999999,66,0.059999999999999998,45,678,0,13,0.90000000000000002,0,1
353,19,0.5,200,0.059999999999999998,45,700,0,13,0,1,1
354,19,0.29999999999999999,200,0.059999999999999998,45,700,0,13,0,1,1
355,19,0.29999999999999999,200,0.059999999999999998,45,700,0,13,0.90000000000000002,0,1
356,19,0.29999999999999999,200,0.059999999999999998,45,700,0,13,0.90000000000000002,0,1
357,19,0.29999999999999999,200,0.059999999999999998,45,700,0,13,0.90000000000000002,1,0
358,20,0.29999999999999999,236,0.035000000000000003,50,1200,0,20,0,1,1
359,20,0.29999999999999999,236,0.055,50,1200,0,25,1.365,0,0
360,21,0.40000000000000002,7,0,50,400,0,10,0,0,1
361,21,0.40000000000000002,7,0,50,600,0,10,0,0,1
362,21,0.40000000000000002,7,0,50,800,0,10,0,0,1
363,21,0.40000000000000002,7,0,50,1000,0,10,0,0,1
364,21,0.40000000000000002,7,0,50,400,0,10,0,0,1
365,21,0.40000000000000002,7,0,50,600,0,10,0,0,1
366,21,0.40000000000000002,7,0,50,800,0,10,0,0,1
367,21,0.40000000000000002,7,0,50,1000,0,10,0,0,1
368,21,0.40000000000000002,7,0,50,400,0.10000000000000001,10,0,0,1
369,21,0.40000000000000002,7,0,50,600,0.10000000000000001,10,0,0,1
370,21,0.40000000000000002,7,0,50,800,0.10000000000000001,10,0,0,1
371,21,0.40000000000000002,7,0,50,1000,0.10000000000000001,10,0,0,1
372,21,0.40000000000000002,7,0,50,400,0.20000000000000001,10,0,0,1
373,21,0.40000000000000002,7,0,50,600,0.20000000000000001,10,0,0,1
374,21,0.40000000000000002,7,0,50,800,0.20000000000000001,10,0,0,1
375,21,0.40000000000000002,7,0,50,1000,0.20000000000000001,10,0,0,1
376,22,0.40000000000000002,8,0,50,400,0,20,0,0,1
377,22,0.40000000000000002,8,0,50,800,0,20,0,0,1
378,22,0.40000000000000002,8,0,50,400,0,20,0,0,1
379,22,0.40000000000000002,8,0,50,800,0,20,0,0,1
380,23,0.152,10,0.028000000000000001,20,200,0.20000000000000001,0.5,0,0,1
381,23,0.152,10,0.028000000000000001,20,400,0.20000000000000001,0.5,0,1,0
382,23,0.152,10,0.028000000000000001,20,600,0.20000000000000001,0.5,0,1,1
383,23,0.152,10,0.028000000000000001,20,800,0.20000000000000001,0.5,0,1,1
384,23,0.152,10,0.028000000000000001,20,500,0.20000000000000001,0.5,0,1,1
385,23,0.152,10,0.028000000000000001,20,1000,0.20000000000000001,0.5,0,1,1
386,23,0.152,10,0.028000000000000001,20,500,0.20000000000000001,0.5,1,1,1
387,23,0.152,10,0.028000000000000001,20,1000,0.20000000000000001,0.5,1,1,1
388,23,0.152,10,0.028000000000000001,20,200,0.20000000000000001,0.5,1,0,1
389,23,0.152,10,0.028000000000000001,20,400,0.20000000000000001,0.5,1,1,0
390,23,0.152,10,0.028000000000000001,20,600,0.20000000000000001,0.5,1,1,1
391,23,0.152,10,0.028000000000000001,20,800,0.20000000000000001,0.5,1,1,1
392,23,0.152,10,0.028000000000000001,20,200,0.20000000000000001,0.5,2,0,1
393,23,0.152,10,0.028000000000000001,20,500,0.20000000000000001,0.5,4,0,1
394,23,0.152,10,0.028000000000000001,20,1000,0.20000000000000001,0.5,4,0,1
395,23,0.152,10,0.028000000000000001,20,200,0.20000000000000001,0.5,4,0,1
396,23,0.152,10,0.028000000000000001,20,400,0.20000000000000001,0.5,4,0,1
397,23,0.152,10,0.028000000000000001,20,600,0.20000000000000001,0.5,4,0,1
398,23,0.152,10,0.028000000000000001,20,800,0.20000000000000001,0.5,4,0,1
399,23,0.152,10,0.028000000000000001,20,500,0.20000000000000001,0.5,9,0,1
400,23,0.152,10,0.028000000000000001,20,1000,0.20000000000000001,0.5,9,0,1
401,23,0.152,10,0.028000000000000001,20,200,0.20000000000000001,0.5,9,0,1
402,23,0.152,10,0.028000000000000001,20,400,0.20000000000000001,0.5,9,0,1
403,23,0.152,10,0.028000000000000001,20,600,0.20000000000000001,0.5,9,0,1
404,23,0.152,10,0.028000000000000001,20,800,0.20000000000000001,0.5,9,0,1
405,23,0.115,10,0.024,20,200,0.152,0.5,0,0,1
406,23,0.115,10,0.024,20,400,0.152,0.5,0,1,0
407,23,0.115,10,0.024,20,500,0.152,0.5,0,1,1
408,23,0.115,10,0.024,20,600,0.152,0.5,0,1,1
409,23,0.115,10,0.024,20,800,0.152,0.5,0,1,1
410,23,0.115,10,0.024,20,1000,0.152,0.5,0,1,1
411,23,0.115,10,0.024,20,200,0.152,0.5,1,0,1
412,23,0.115,10,0.024,20,400,0.152,0.5,1,1,0
413,23,0.115,10,0.024,20,500,0.152,0.5,1,1,1
414,23,0.115,10,0.024,20,600,0.152,0.5,1,1,1
415,23,0.115,10,0.024,20,800,0.152,0.5,1,1,1
416,23,0.115,10,0.024,20,1000,0.152,0.5,1,1,1
417,23,0.115,10,0.024,20,200,0.152,0.5,2,0,1
418,23,0.115,10,0.024,20,200,0.152,0.5,4,0,1
419,23,0.115,10,0.024,20,400,0.152,0.5,4,0,1
420,23,0.115,10,0.024,20,500,0.152,0.5,4,0,1
421,23,0.115,10,0.024,20,600,0.152,0.5,4,0,1
422,23,0.115,10,0.024,20,800,0.152,0.5,4,0,1
423,23,0.115,10,0.024,20,1000,0.152,0.5,4,0,1
424,23,0.115,10,0.024,20,200,0.152,0.5,9,0,1
425,23,0.115,10,0.024,20,400,0.152,0.5,9,0,1
426,23,0.115,10,0.024,20,500,0.152,0.5,9,0,1
427,23,0.115,10,0.024,20,600,0.152,0.5,9,0,1
428,23,0.115,10,0.024,20,800,0.152,0.5,9,0,1
429,23,0.115,10,0.024,20,1000,0.152,0.5,9,0,1
430,24,0.38100000000000001,66,0.047,75,678,0,10,0,0,0
431,24,0.38100000000000001,66,0.040000000000000001,75,678,0,10,0,0,0
432,24,0.38100000000000001,66,0.021000000000000001,75,678,0,10,0,0,0
433,24,0.38100000000000001,66,0.051999999999999998,75,678,0,10,0,0,0
434,24,0.38100000000000001,66,0.042999999999999997,75,678,0,10,0,0,0
435,24,0.38100000000000001,0.5,0.047,75,300,0,10,0,0,1
436,24,0.38100000000000001,0.5,0.047,75,600,0,10,0,0,0
437,24,0.38100000000000001,0.5,0.047,75,750,0,10,0,0,0
438,24,0.38100000000000001,0.5,0.047,75,900,0,10,0,0,0
439,24,0.38100000000000001,0.5,0.047,50,300,0,10,0,0,1
440,24,0.38100000000000001,0.5,0.047,50,600,0,10,0,0,1
441,24,0.38100000000000001,0.5,0.047,50,750,0,10,0,0,1
442,24,0.38100000000000001,0.5,0.047,50,900,0,10,0,0,1
443,24,0.38100000000000001,66,0.041000000000000002,75,678,0,10,0.75,0,1
444,24,0.38100000000000001,66,0.036999999999999998,75,678,0,10,0.75,0,1
445,24,0.38100000000000001,66,0.050000000000000003,75,678,0,10,1.5,0,1
446,24,0.38100000000000001,66,0.041000000000000002,75,678,0,10,1.5,0,1
447,24,0.38100000000000001,66,0.043999999999999997,75,678,0,10,1.5,0,1
448,24,0.38100000000000001,66,0.040000000000000001,75,678,0,10,1.5,0,1
449,24,0.38100000000000001,66,0.047,75,678,0,10,0.75,0,1
450,24,0.38100000000000001,66,0.039,75,678,0,10,0.75,0,1
451,24,0.38100000000000001,66,0.048000000000000001,75,678,0,10,1.5,0,1
452,24,0.38100000000000001,66,0.041000000000000002,75,678,0,10,1.5,0,1
453,24,0.38100000000000001,66,0.047,75,678,0,10,0.75,0,1
454,24,0.38100000000000001,66,0.037999999999999999,75,678,0,10,0.75,0,1
455,24,0.38100000000000001,66,0.048000000000000001,75,678,0,10,1.5,0,1
456,24,0.38100000000000001,66,0.042999999999999997,75,678,0,10,1.5,0,1
457,24,0.38100000000000001,0.5,0.047,75,300,0,10,0.75,0,1
458,24,0.38100000000000001,0.5,0.047,75,600,0,10,0.75,0,1
459,24,0.38100000000000001,0.5,0.047,75,750,0,10,0.75,0,1
460,24,0.38100000000000001,0.5,0.047,75,900,0,10,0.75,0,1
461,24,0.38100000000000001,0.5,0.047,50,300,0,10,0.75,0,1
462,24,0.38100000000000001,0.5,0.047,50,600,0,10,0.75,0,1
463,24,0.38100000000000001,0.5,0.047,50,750,0,10,0.75,0,1
464,24,0.38100000000000001,0.5,0.047,50,900,0,10,0.75,0,1
465,24,0.38100000000000001,66,0.044999999999999998,75,678,0,10,0,1,1
466,24,0.38100000000000001,66,0.041000000000000002,75,678,0,10,0,1,1
467,24,0.22900000000000001,66,0.029999999999999999,175,678,0.11799999999999999,8,1,1,1
468,24,0.312,240,0.025000000000000001,175,1200,0.083000000000000004,8,1,0,0
469,25,0.29999999999999999,66,0.025999999999999999,150,678,0,16,0,1,1
470,25,0.29999999999999999,66,0.024,150,678,0,16,0,1,1
471,25,0.29999999999999999,66,0.023,150,678,0,16,0,1,1
472,25,0.29999999999999999,66,0.027,150,678,0,16,0,1,1
473,25,0.29999999999999999,66,0.028000000000000001,150,678,0,16,0,1,1
474,25,0.45000000000000001,66,0.021999999999999999,150,678,0,16,0,1,1
475,25,0.59999999999999998,66,0.023,150,678,0,16,0,0,1
476,26,0.28199999999999997,57,0.010999999999999999,75,600,0,0.12,0,1,1
477,27,0.27300000000000002,101,0.049000000000000002,100,1034,0,7,0,1,1
478,27,0.27300000000000002,101,0.049000000000000002,100,1034,0,14,0,1,1
479,27,0.29999999999999999,101,0.049000000000000002,100,1034,0,20,0,1,1
480,27,0.218,101,0.047,100,1034,0,7,0,1,1
481,27,0.218,101,0.042999999999999997,100,1034,0,7,0,1,1
482,27,0.29999999999999999,101,0.049000000000000002,100,1034,0,14,0,1,1
483,27,0.29999999999999999,101,0.048000000000000001,100,1034,0,20,0,1,1
484,27,0.29999999999999999,101,0.044999999999999998,100,1034,0,20,0,1,1
485,27,0.27300000000000002,101,0.045999999999999999,100,1034,0,7,0,1,1
486,27,0.27300000000000002,101,0.045999999999999999,100,1034,0,14,0,1,1
487,27,0.29999999999999999,101,0.047,100,1034,0,20,0,1,1
488,27,0.218,101,0.050000000000000003,100,1034,0,7,0,1,1
489,27,0.29999999999999999,101,0.050999999999999997,100,1034,0,14,0,1,1
490,27,0.27300000000000002,101,0.047,200,1034,0,7,0,1,1
491,27,0.27300000000000002,101,0.048000000000000001,200,1034,0,7,0,1,1
492,27,0.27300000000000002,101,0.047,200,1034,0,14,0,1,1
493,27,0.29999999999999999,101,0.048000000000000001,200,1034,0,20,0,1,1
494,27,0.29999999999999999,101,0.049000000000000002,200,1034,0,20,0,1,1
495,27,0.218,101,0.047,200,1034,0,7,0,1,1
496,27,0.218,101,0.050000000000000003,200,1034,0,7,0,1,1
497,27,0.29999999999999999,101,0.050000000000000003,200,1034,0,14,0,1,1
498,27,0.29999999999999999,101,0.045999999999999999,200,1034,0,20,0,1,1
499,27,0.29999999999999999,101,0.044999999999999998,200,1034,0,20,0,1,1
500,27,0.27300000000000002,101,0.047,50,1034,0,7,0,1,1
501,27,0.27300000000000002,101,0.049000000000000002,50,1034,0,14,0,1,1
502,27,0.29999999999999999,101,0.051999999999999998,50,1034,0,20,0,1,1
503,27,0.218,101,0.051999999999999998,50,1034,0,7,0,1,1
504,27,0.29999999999999999,101,0.050000000000000003,50,1034,0,14,0,1,1
505,27,0.29999999999999999,101,0.058999999999999997,50,1034,0,20,0,1,1
506,28,0.33000000000000002,1.2,0,50,300,0,12,0,0,1
507,28,0.33000000000000002,1.2,0,50,375,0,12,0,0,1
508,28,0.33000000000000002,1.2,0,50,475,0,12,0,0,1
509,28,0.33000000000000002,1.2,0,37.5,300,0,12,0,0,1
510,28,0.33000000000000002,1.2,0,37.5,375,0,12,0,0,1
511,28,0.33000000000000002,1.2,0,37.5,475,0,12,0,0,1
512,28,0.33000000000000002,1.2,0,20,300,0,12,0,0,1
513,28,0.33000000000000002,1.2,0,20,375,0,12,0,0,1
514,28,0.33000000000000002,1.2,0,20,475,0,12,0,0,1
515,28,0.33000000000000002,1.2,0,50,300,0,12,0,0,1
516,28,0.33000000000000002,1.2,0,50,375,0,12,0,0,1
517,28,0.33000000000000002,1.2,0,50,475,0,12,0,0,1
518,28,0.33000000000000002,1.2,0,37.5,300,0,12,0,0,1
519,28,0.33000000000000002,1.2,0,37.5,375,0,12,0,0,1
520,28,0.33000000000000002,1.2,0,37.5,475,0,12,0,0,1
521,28,0.33000000000000002,1.2,0,50,300,0,12,0,0,1
522,28,0.33000000000000002,1.2,0,50,375,0,12,0,0,1
523,28,0.33000000000000002,1.2,0,50,475,0,12,0,0,1
524,28,0.33000000000000002,1.2,0,37.5,300,0,12,0,0,1
525,28,0.33000000000000002,1.2,0,37.5,375,0,12,0,0,1
526,28,0.33000000000000002,1.2,0,37.5,475,0,12,0,0,1
527,29,0.16,66,0.037999999999999999,20,678,0.14299999999999999,0.5,0,1,1
528,29,0.16,66,0.045999999999999999,20,678,0.14299999999999999,0.5,0,1,1
529,29,0.16,66,0,20,678,0.14299999999999999,0.5,0,1,1
530,29,0.16,66,0.0030000000000000001,20,678,0.14299999999999999,0.5,0,0,0
531,29,0.16,66,0.031,20,678,0.14299999999999999,0.5,0,1,1
532,29,0.16,66,0.040000000000000001,20,678,0.14299999999999999,0.5,3,0,1
533,29,0.16,66,0.047,20,678,0.14299999999999999,0.5,3,0,1
534,29,0.16,66,0,20,678,0.14299999999999999,0.5,3,0,1
535,29,0.16,66,0.0040000000000000001,20,678,0.14299999999999999,0.5,3,0,1
536,29,0.16,66,0.036999999999999998,20,678,0.14299999999999999,0.5,3,1,0
537,30,0.39000000000000001,1,0,37.5,150,0,12,0,0,1
538,30,0.39000000000000001,1,0,37.5,240,0,12,0,0,1
539,30,0.39000000000000001,1,0,37.5,335,0,12,0,0,1
540,30,0.39000000000000001,1,0,37.5,428.5,0,12,0,0,1
541,30,0.39000000000000001,1,0,37.5,531,0,12,0,0,1
542,30,0.39000000000000001,1,0,75,150,0,12,0,0,1
543,30,0.39000000000000001,1,0,75,240,0,12,0,0,1
544,30,0.39000000000000001,1,0,75,335,0,12,0,0,1
545,30,0.39000000000000001,1,0,75,428.5,0,12,0,1,0
546,30,0.39000000000000001,1,0,75,531,0,12,0,1,0
547,31,0.17999999999999999,10,0,50,200,0.10000000000000001,16,0,0,1
548,31,0.17999999999999999,10,0,50,200,0.10000000000000001,16,1.3500000000000001,0,1
549,31,0.17999999999999999,10,0,50,200,0.10000000000000001,16,0,0,1
550,31,0.17999999999999999,10,0,50,200,0.10000000000000001,16,1.3500000000000001,0,1
551,31,0.17999999999999999,10,0,50,400,0.10000000000000001,16,0,0,1
552,31,0.17999999999999999,10,0,50,400,0.10000000000000001,16,1.3500000000000001,0,1
553,31,0.17999999999999999,10,0,50,400,0.10000000000000001,16,0,0,1
554,31,0.17999999999999999,10,0,50,400,0.10000000000000001,16,1.3500000000000001,0,1
555,31,0.17999999999999999,10,0,50,600,0.10000000000000001,16,0,0,1
556,31,0.17999999999999999,10,0,50,600,0.10000000000000001,16,1.3500000000000001,0,1
557,31,0.17999999999999999,10,0,50,600,0.10000000000000001,16,0,0,1
558,31,0.17999999999999999,10,0,50,600,0.10000000000000001,16,1.3500000000000001,0,1
559,31,0.17999999999999999,10,0,50,800,0.10000000000000001,16,0,0,1
560,31,0.17999999999999999,10,0,50,800,0.10000000000000001,16,1.3500000000000001,0,1
561,31,0.17999999999999999,10,0,50,800,0.10000000000000001,16,0,0,1
562,31,0.17999999999999999,10,0,50,800,0.10000000000000001,16,1.3500000000000001,0,1
563,32,0.29099999999999998,147,0,110,919,0.032000000000000001,10,0,0,1
564,32,0.29099999999999998,24,0,110,713,0.032000000000000001,10,0,0,0
565,32,0.29099999999999998,147,0.029999999999999999,110,919,0.032000000000000001,10,0,1,1
566,32,0.29099999999999998,24,0.029999999999999999,110,713,0.032000000000000001,10,0,1,1
567,32,0.29099999999999998,147,0.029999999999999999,110,919,0.032000000000000001,10,5,0,0
568,32,0.29099999999999998,24,0.029999999999999999,110,713,0.032000000000000001,10,5,0,0
569,33,0.5,1,0.031,50,600,0,10,0,0,1
570,33,0.41999999999999998,1,0.039,50,600,0,10,0,0,1
571,33,0.55000000000000004,1,0.033000000000000002,50,600,0,10,0,0,1
572,33,0.32000000000000001,1,0.028000000000000001,50,600,0.152,10,0,0,1
573,33,0.32000000000000001,1,0.029999999999999999,50,600,0.11600000000000001,10,0,0,1
574,33,0.32000000000000001,1,0.035000000000000003,50,600,0.11600000000000001,10,0,0,1
575,33,0.23999999999999999,1,0.025999999999999999,50,600,0.16700000000000001,4,0,1,1
576,33,0.5,5,0.031,50,600,0,10,0,0,1
577,33,0.41999999999999998,5,0.039,50,600,0,10,0,1,1
578,33,0.55000000000000004,5,0.033000000000000002,50,600,0,10,0,0,1
579,33,0.32000000000000001,5,0.028000000000000001,50,600,0.152,10,0,0,1
580,33,0.32000000000000001,5,0.029999999999999999,50,600,0.11600000000000001,10,0,0,1
581,33,0.32000000000000001,5,0.035000000000000003,50,600,0.11600000000000001,10,0,0,1
582,33,0.23999999999999999,5,0.025999999999999999,50,600,0.16700000000000001,4,0,1,1
583,33,0.5,1,0.050999999999999997,50,600,0,10,0,0,1
584,33,0.41999999999999998,1,0.053999999999999999,50,600,0,10,0,0,1
585,33,0.55000000000000004,1,0.057000000000000002,50,600,0,10,0,0,1
586,33,0.32000000000000001,1,0.042000000000000003,50,600,0.152,10,0,0,1
587,33,0.32000000000000001,1,0.045999999999999999,50,600,0.11600000000000001,10,0,0,1
588,33,0.32000000000000001,1,0.047,50,600,0.11600000000000001,10,0,0,1
589,33,0.23999999999999999,1,0,50,600,0.16700000000000001,4,0,1,1
590,33,0.5,5,0.050999999999999997,50,600,0,10,0,1,0
591,33,0.41999999999999998,5,0.053999999999999999,50,600,0,10,0,1,0
592,33,0.55000000000000004,5,0.057000000000000002,50,600,0,10,0,1,0
593,33,0.32000000000000001,5,0.042000000000000003,50,600,0.152,10,0,0,1
594,33,0.32000000000000001,5,0.045999999999999999,50,600,0.11600000000000001,10,0,1,0
595,33,0.32000000000000001,5,0.047,50,600,0.11600000000000001,10,0,1,0
596,33,0.23999999999999999,5,0,50,600,0.16700000000000001,4,0,1,1
597,34,0.32000000000000001,5,0.029000000000000001,50,600,0.152,10,1.8,0,1
598,34,0.32000000000000001,5,0.032000000000000001,50,600,0.11600000000000001,10,1.8,0,1
599,34,0.32000000000000001,5,0.029999999999999999,50,600,0.11600000000000001,10,1.8,0,1
600,34,0.23999999999999999,5,0.028000000000000001,50,600,0.16700000000000001,4,2,1,1
601,34,0.23999999999999999,5,0.024,50,600,0.16700000000000001,0.12,2,1,1
602,34,0.32000000000000001,5,0.051999999999999998,50,600,0.152,10,1.8,0,1
603,34,0.32000000000000001,5,0.055,50,600,0.11600000000000001,10,1.8,0,1
604,34,0.32000000000000001,5,0.057000000000000002,50,600,0.11600000000000001,10,1.8,0,1
605,34,0.23999999999999999,5,0.049000000000000002,50,600,0.16700000000000001,4,2,1,1
606,34,0.23999999999999999,5,0.045999999999999999,50,600,0.16700000000000001,0.12,2,1,1
607,34,0.32000000000000001,10,0.029000000000000001,50,600,0.152,10,1.8,0,1
608,34,0.32000000000000001,10,0.032000000000000001,50,600,0.11600000000000001,10,1.8,0,1
609,34,0.32000000000000001,10,0.029999999999999999,50,600,0.11600000000000001,10,1.8,0,1
610,34,0.23999999999999999,10,0.028000000000000001,50,600,0.16700000000000001,4,2,1,1
611,34,0.23999999999999999,10,0.024,50,600,0.16700000000000001,0.12,2,1,1
612,34,0.32000000000000001,10,0.051999999999999998,50,600,0.152,10,1.8,0,1
613,34,0.32000000000000001,10,0.055,50,600,0.11600000000000001,10,1.8,0,1
614,34,0.32000000000000001,10,0.057000000000000002,50,600,0.11600000000000001,10,1.8,0,1
615,34,0.23999999999999999,10,0.049000000000000002,50,600,0.16700000000000001,4,2,1,1
616,34,0.23999999999999999,10,0.045999999999999999,50,600,0.16700000000000001,0.12,2,1,1
617,35,0.32000000000000001,5,0.029999999999999999,50,600,0.152,10,0,0,1
618,35,0.32000000000000001,5,0.032000000000000001,50,600,0.11600000000000001,10,0,0,1
619,35,0.32000000000000001,5,0.032000000000000001,50,600,0.11600000000000001,10,0,0,1
620,35,0.23999999999999999,5,0.027,50,600,0.16700000000000001,4,0,1,1
621,35,0.23999999999999999,5,0.028000000000000001,50,600,0.16700000000000001,0.12,0,1,1
622,35,0.32000000000000001,5,0.051999999999999998,50,600,0.152,10,0,0,0
623,35,0.32000000000000001,5,0.050999999999999997,50,600,0.11600000000000001,10,0,0,0
624,35,0.32000000000000001,5,0.055,50,600,0.11600000000000001,10,0,0,0
625,35,0.23999999999999999,5,0.049000000000000002,50,600,0.16700000000000001,4,0,1,1
626,35,0.23999999999999999,5,0.047,50,600,0.16700000000000001,0.12,0,1,1
627,35,0.32000000000000001,15,0.029999999999999999,50,600,0.152,10,0,0,1
628,35,0.32000000000000001,15,0.032000000000000001,50,600,0.11600000000000001,10,0,0,1
629,35,0.32000000000000001,15,0.032000000000000001,50,600,0.11600000000000001,10,0,0,1
630,35,0.23999999999999999,15,0.027,50,600,0.16700000000000001,4,0,1,1
631,35,0.23999999999999999,15,0.028000000000000001,50,600,0.16700000000000001,0.12,0,1,1
632,35,0.32000000000000001,15,0.051999999999999998,50,600,0.152,10,0,0,0
633,35,0.32000000000000001,15,0.050999999999999997,50,600,0.11600000000000001,10,0,0,0
634,35,0.32000000000000001,15,0.055,50,600,0.11600000000000001,10,0,0,0
635,35,0.23999999999999999,15,0.049000000000000002,50,600,0.16700000000000001,4,0,1,1
636,35,0.23999999999999999,15,0.047,50,600,0.16700000000000001,0.12,0,1,1
637,36,0.48499999999999999,120,0.043999999999999997,60,1200,0,16,0,1,1
638,36,0.48499999999999999,120,0.044999999999999998,60,1200,0,16,0,1,1
639,36,0.48499999999999999,120,0.027,60,1200,0,16,0,1,1
640,36,0.48499999999999999,120,0.025000000000000001,60,1200,0,16,0,1,1
641,36,0.48499999999999999,120,0.023,60,1200,0,16,0,1,1
642,36,0.48499999999999999,120,0.0050000000000000001,60,1200,0,16,0,0,0
643,36,0.48499999999999999,120,0.0040000000000000001,60,1200,0,16,0,0,0
644,36,0.53000000000000003,120,0.042000000000000003,60,1200,0,16,0,1,1
645,36,0.53000000000000003,120,0.037999999999999999,60,1200,0,16,0,1,1
646,36,0.53000000000000003,120,0.033000000000000002,60,1200,0,16,0,1,1
647,36,0.53000000000000003,120,0.027,60,1200,0,16,0,1,1
648,36,0.53000000000000003,120,0.028000000000000001,60,1200,0,16,0,1,1
649,36,0.53000000000000003,120,0.017999999999999999,60,1200,0,16,0,0,0
650,36,0.53000000000000003,120,0.0040000000000000001,60,1200,0,16,0,0,1
651,37,0.20000000000000001,5,0,25,800,0.20000000000000001,0.59999999999999998,0.5,0,0
652,37,0.20000000000000001,5,0,25,800,0.20000000000000001,0.59999999999999998,1,0,0
653,37,0.20000000000000001,5,0,25,800,0.20000000000000001,0.59999999999999998,1.5,0,1
654,37,0.20000000000000001,5,0,25,800,0.20000000000000001,0.59999999999999998,2,0,1
655,37,0.20000000000000001,5,0,25,800,0.20000000000000001,0.59999999999999998,2.5,0,1
656,37,0.20000000000000001,5,0,25,800,0.20000000000000001,0.59999999999999998,3,0,1
657,37,0.20000000000000001,10,0,25,800,0.20000000000000001,0.59999999999999998,0.5,1,1
658,37,0.20000000000000001,10,0,25,800,0.20000000000000001,0.59999999999999998,1,0,0
659,37,0.20000000000000001,10,0,25,800,0.20000000000000001,0.59999999999999998,1.5,0,1
660,37,0.20000000000000001,10,0,25,800,0.20000000000000001,0.59999999999999998,2,0,1
661,37,0.20000000000000001,10,0,25,800,0.20000000000000001,0.59999999999999998,2.5,0,1
662,37,0.20000000000000001,10,0,25,800,0.20000000000000001,0.59999999999999998,3,0,1
663,37,0.20000000000000001,15,0,25,800,0.20000000000000001,0.59999999999999998,0.5,1,1
664,37,0.20000000000000001,15,0,25,800,0.20000000000000001,0.59999999999999998,1,1,1
665,37,0.20000000000000001,15,0,25,800,0.20000000000000001,0.59999999999999998,1.5,0,1
666,37,0.20000000000000001,15,0,25,800,0.20000000000000001,0.59999999999999998,2,0,1
667,37,0.20000000000000001,15,0,25,800,0.20000000000000001,0.59999999999999998,2.5,0,1
668,37,0.20000000000000001,15,0,25,800,0.20000000000000001,0.59999999999999998,3,0,1
669,37,0.20000000000000001,5,0.039,25,800,0.20000000000000001,0.59999999999999998,0.5,1,1
670,37,0.20000000000000001,5,0.040000000000000001,25,800,0.20000000000000001,0.59999999999999998,1,1,1
671,37,0.20000000000000001,5,0.039,25,800,0.20000000000000001,0.59999999999999998,1.5,0,0
672,37,0.20000000000000001,5,0.042000000000000003,25,800,0.20000000000000001,0.59999999999999998,2,0,0
673,37,0.20000000000000001,5,0.040000000000000001,25,800,0.20000000000000001,0.59999999999999998,2.5,0,0
674,37,0.20000000000000001,5,0.037999999999999999,25,800,0.20000000000000001,0.59999999999999998,3,0,1
675,37,0.20000000000000001,10,0.039,25,800,0.20000000000000001,0.59999999999999998,0.5,1,1
676,37,0.20000000000000001,10,0.040000000000000001,25,800,0.20000000000000001,0.59999999999999998,1,1,1
677,37,0.20000000000000001,10,0.039,25,800,0.20000000000000001,0.59999999999999998,1.5,1,1
678,37,0.20000000000000001,10,0.042000000000000003,25,800,0.20000000000000001,0.59999999999999998,2,1,1
679,37,0.20000000000000001,10,0.040000000000000001,25,800,0.20000000000000001,0.59999999999999998,2.5,0,0
680,37,0.20000000000000001,10,0.037999999999999999,25,800,0.20000000000000001,0.59999999999999998,3,0,1
681,37,0.20000000000000001,15,0.039,25,800,0.20000000000000001,0.59999999999999998,0.5,1,1
682,37,0.20000000000000001,15,0.040000000000000001,25,800,0.20000000000000001,0.59999999999999998,1,1,1
683,37,0.20000000000000001,15,0.039,25,800,0.20000000000000001,0.59999999999999998,1.5,1,1
684,37,0.20000000000000001,15,0.042000000000000003,25,800,0.20000000000000001,0.59999999999999998,2,1,1
685,37,0.20000000000000001,15,0.040000000000000001,25,800,0.20000000000000001,0.59999999999999998,2.5,1,1
686,37,0.20000000000000001,15,0.037999999999999999,25,800,0.20000000000000001,0.59999999999999998,3,0,1
687,37,0.20000000000000001,5,0.063,25,800,0.20000000000000001,0.59999999999999998,0.5,1,1
688,37,0.20000000000000001,5,0.063,25,800,0.20000000000000001,0.59999999999999998,1,1,1
689,37,0.20000000000000001,5,0.065000000000000002,25,800,0.20000000000000001,0.59999999999999998,1.5,1,1
690,37,0.20000000000000001,5,0.066000000000000003,25,800,0.20000000000000001,0.59999999999999998,2,1,1
691,37,0.20000000000000001,5,0.064000000000000001,25,800,0.20000000000000001,0.59999999999999998,2.5,0,0
692,37,0.20000000000000001,5,0.066000000000000003,25,800,0.20000000000000001,0.59999999999999998,3,0,1
693,37,0.20000000000000001,10,0.063,25,800,0.20000000000000001,0.59999999999999998,0.5,1,1
694,37,0.20000000000000001,10,0.063,25,800,0.20000000000000001,0.59999999999999998,1,1,1
695,37,0.20000000000000001,10,0.065000000000000002,25,800,0.20000000000000001,0.59999999999999998,1.5,1,1
696,37,0.20000000000000001,10,0.066000000000000003,25,800,0.20000000000000001,0.59999999999999998,2,1,1
697,37,0.20000000000000001,10,0.064000000000000001,25,800,0.20000000000000001,0.59999999999999998,2.5,0,0
698,37,0.20000000000000001,10,0.066000000000000003,25,800,0.20000000000000001,0.59999999999999998,3,0,1
699,37,0.20000000000000001,15,0.063,25,800,0.20000000000000001,0.59999999999999998,0.5,1,1
700,37,0.20000000000000001,15,0.063,25,800,0.20000000000000001,0.59999999999999998,1,1,1
701,37,0.20000000000000001,15,0.065000000000000002,25,800,0.20000000000000001,0.59999999999999998,1.5,1,1
702,37,0.20000000000000001,15,0.066000000000000003,25,800,0.20000000000000001,0.59999999999999998,2,1,1
703,37,0.20000000000000001,15,0.064000000000000001,25,800,0.20000000000000001,0.59999999999999998,2.5,1,1
704,37,0.20000000000000001,15,0.066000000000000003,25,800,0.20000000000000001,0.59999999999999998,3,0,1
705,38,0.34799999999999998,10,0.055,55,550,0.13,20,0,1,1
706,39,0.20000000000000001,66,0.025999999999999999,50,678,0.099000000000000005,5,0,1,1
707,39,0.20000000000000001,66,0.027,50,678,0.099000000000000005,5,0,1,1
708,39,0.20000000000000001,66,0.032000000000000001,50,678,0.099000000000000005,5,0,1,1
709,39,0.20000000000000001,66,0.029000000000000001,50,678,0.099000000000000005,5,0,1,1
710,39,0.20000000000000001,66,0.02,50,678,0.099000000000000005,5,0,1,1
711,39,0.20000000000000001,66,0.012999999999999999,50,678,0.099000000000000005,5,0,1,1
712,39,0.20000000000000001,66,0.01,50,678,0.099000000000000005,5,0,1,1
713,39,0.20000000000000001,66,0.0089999999999999993,50,678,0.099000000000000005,5,0,1,1
714,39,0.17999999999999999,66,0.025999999999999999,50,678,0.099000000000000005,5,0,1,1
715,39,0.17999999999999999,66,0.01,50,678,0.099000000000000005,5,0,0,0
716,39,0.20000000000000001,66,0.027,50,678,0.099000000000000005,5,0,1,1
717,39,0.20000000000000001,66,0.032000000000000001,50,678,0.099000000000000005,5,0,1,1
718,39,0.20000000000000001,66,0.029000000000000001,50,678,0.099000000000000005,5,0,1,1
719,39,0.20000000000000001,66,0.02,50,678,0.099000000000000005,5,0,1,1
720,39,0.20000000000000001,66,0.012999999999999999,50,678,0.099000000000000005,5,0,1,1
721,39,0.20000000000000001,66,0.0089999999999999993,50,678,0.099000000000000005,5,0,0,0
722,39,0.22,66,0.025999999999999999,50,678,0.099000000000000005,5,0,1,1
723,39,0.22,66,0.01,50,678,0.099000000000000005,5,0,0,0
724,39,0.20000000000000001,66,0.025999999999999999,50,678,0.099000000000000005,5,1.8200000000000001,1,0
725,39,0.20000000000000001,66,0.027,50,678,0.099000000000000005,5,1.8200000000000001,1,0
726,39,0.20000000000000001,66,0.032000000000000001,50,678,0.099000000000000005,5,1.8200000000000001,1,1
727,39,0.20000000000000001,66,0.029000000000000001,50,678,0.099000000000000005,5,1.8200000000000001,1,0
728,39,0.20000000000000001,66,0.02,50,678,0.099000000000000005,5,1.8200000000000001,1,0
729,39,0.20000000000000001,66,0.012999999999999999,50,678,0.099000000000000005,5,1.8200000000000001,1,0
730,39,0.20000000000000001,66,0.01,50,678,0.099000000000000005,5,1.8200000000000001,0,1
731,39,0.20000000000000001,66,0.0089999999999999993,50,678,0.099000000000000005,5,1.8200000000000001,0,1
732,40,0.45000000000000001,1,0.050999999999999997,50,200,0,12.5,0,0,1
733,40,0.58999999999999997,1,0.039,50,200,0,12.5,0,0,1
734,40,0.76000000000000001,1,0.037999999999999999,50,200,0,12.5,0,0,1
735,40,0.45000000000000001,1,0.050999999999999997,50,400,0,12.5,0,0,1
736,40,0.58999999999999997,1,0.039,50,400,0,12.5,0,0,1
737,40,0.76000000000000001,1,0.037999999999999999,50,400,0,12.5,0,0,1
738,40,0.45000000000000001,1,0.050999999999999997,50,600,0,12.5,0,0,1
739,40,0.58999999999999997,1,0.039,50,600,0,12.5,0,0,1
740,40,0.76000000000000001,1,0.037999999999999999,50,600,0,12.5,0,0,1
741,40,0.45000000000000001,1,0.050999999999999997,50,800,0,12.5,0,0,1
742,40,0.58999999999999997,1,0.039,50,800,0,12.5,0,0,1
743,40,0.76000000000000001,1,0.037999999999999999,50,800,0,12.5,0,0,1
744,40,0.45000000000000001,1,0.050999999999999997,50,1000,0,12.5,0,0,1
745,40,0.58999999999999997,1,0.039,50,1000,0,12.5,0,0,1
746,40,0.76000000000000001,1,0.037999999999999999,50,1000,0,12.5,0,0,1
747,40,0.45000000000000001,9,0.066000000000000003,50,650,0,12.5,0,1,1
748,40,0.58999999999999997,9,0.057000000000000002,50,650,0,12.5,0,1,0
749,40,0.76000000000000001,9,0.069000000000000006,50,650,0,12.5,0,0,1
750,41,0.19500000000000001,2,0.064000000000000001,25,600,0.23000000000000001,0.59999999999999998,2.5,0,1
751,41,0.19500000000000001,2,0.062,25,600,0,0.59999999999999998,2.5,0,1
752,41,0.19500000000000001,2,0.062,25,600,0,0.59999999999999998,2.5,0,1
753,41,0.19500000000000001,2,0.069000000000000006,25,600,0.23000000000000001,0.59999999999999998,4.5,0,1
754,41,0.19500000000000001,2,0.069000000000000006,25,600,0,0.59999999999999998,4.5,0,1
755,41,0.19500000000000001,2,0.065000000000000002,25,600,0,0.59999999999999998,4.5,0,1
756,41,0.19500000000000001,10,0.064000000000000001,25,600,0.23000000000000001,0.59999999999999998,2.5,1,0
757,41,0.19500000000000001,10,0.062,25,600,0,0.59999999999999998,2.5,0,1
758,41,0.19500000000000001,10,0.062,25,600,0,0.59999999999999998,2.5,0,1
759,41,0.19500000000000001,10,0.069000000000000006,25,600,0.23000000000000001,0.59999999999999998,4.5,0,1
760,41,0.19500000000000001,10,0.069000000000000006,25,600,0,0.59999999999999998,4.5,0,1
761,41,0.19500000000000001,10,0.065000000000000002,25,600,0,0.59999999999999998,4.5,0,1
762,41,0.19500000000000001,2,0.045999999999999999,25,600,0.23000000000000001,0.59999999999999998,2.5,0,1
763,41,0.19500000000000001,2,0.042000000000000003,25,600,0,0.59999999999999998,2.5,0,1
764,41,0.19500000000000001,2,0.037999999999999999,25,600,0,0.59999999999999998,2.5,0,1
765,41,0.19500000000000001,2,0.042000000000000003,25,600,0.23000000000000001,0.59999999999999998,4.5,0,1
766,41,0.19500000000000001,2,0.040000000000000001,25,600,0,0.59999999999999998,4.5,0,1
767,41,0.19500000000000001,2,0.039,25,600,0,0.59999999999999998,4.5,0,1
768,41,0.19500000000000001,10,0.045999999999999999,25,600,0.23000000000000001,0.59999999999999998,2.5,1,0
769,41,0.19500000000000001,10,0.042000000000000003,25,600,0,0.59999999999999998,2.5,0,1
770,41,0.19500000000000001,10,0.037999999999999999,25,600,0,0.59999999999999998,2.5,0,1
771,41,0.19500000000000001,10,0.042000000000000003,25,600,0.23000000000000001,0.59999999999999998,4.5,0,1
772,41,0.19500000000000001,10,0.040000000000000001,25,600,0,0.59999999999999998,4.5,0,1
773,41,0.19500000000000001,10,0.039,25,600,0,0.59999999999999998,4.5,0,1
774,41,0.19500000000000001,2,0,25,500,0.23000000000000001,0.59999999999999998,0,1,0
775,41,0.19500000000000001,2,0,25,500,0,0.59999999999999998,0,0,1
776,41,0.19500000000000001,2,0,25,500,0,0.59999999999999998,0,0,1
777,41,0.19500000000000001,2,0,25,500,0.23000000000000001,0.59999999999999998,0,1,0
778,41,0.19500000000000001,2,0,25,500,0,0.59999999999999998,0,0,1
779,41,0.19500000000000001,2,0,25,500,0,0.59999999999999998,0,0,1
780,41,0.19500000000000001,10,0,25,500,0.23000000000000001,0.59999999999999998,0,1,1
781,41,0.19500000000000001,10,0,25,500,0,0.59999999999999998,0,0,1
782,41,0.19500000000000001,10,0,25,500,0,0.59999999999999998,0,0,1
783,41,0.19500000000000001,10,0,25,500,0.23000000000000001,0.59999999999999998,0,1,1
784,41,0.19500000000000001,10,0,25,500,0,0.59999999999999998,0,0,1
785,41,0.19500000000000001,10,0,25,500,0,0.59999999999999998,0,0,1
786,41,0.19500000000000001,2,0.043999999999999997,25,500,0.23000000000000001,0.59999999999999998,0,1,1
787,41,0.19500000000000001,2,0.039,25,500,0,0.59999999999999998,0,0,0
788,41,0.19500000000000001,2,0.039,25,500,0,0.59999999999999998,0,0,0
789,41,0.19500000000000001,2,0.037999999999999999,25,500,0.23000000000000001,0.59999999999999998,0,1,1
790,41,0.19500000000000001,2,0.041000000000000002,25,500,0,0.59999999999999998,0,0,0
791,41,0.19500000000000001,2,0.040000000000000001,25,500,0,0.59999999999999998,0,0,0
792,41,0.19500000000000001,10,0.043999999999999997,25,500,0.23000000000000001,0.59999999999999998,0,1,1
793,41,0.19500000000000001,10,0.039,25,500,0,0.59999999999999998,0,1,1
794,41,0.19500000000000001,10,0.039,25,500,0,0.59999999999999998,0,0,0
795,41,0.19500000000000001,10,0.037999999999999999,25,500,0.23000000000000001,0.59999999999999998,0,1,1
796,41,0.19500000000000001,10,0.041000000000000002,25,500,0,0.59999999999999998,0,1,1
797,41,0.19500000000000001,10,0.040000000000000001,25,500,0,0.59999999999999998,0,0,0
798,41,0.19500000000000001,2,0.067000000000000004,25,500,0.23000000000000001,0.59999999999999998,0,1,1
799,41,0.19500000000000001,2,0.066000000000000003,25,500,0,0.59999999999999998,0,0,0
800,41,0.19500000000000001,2,0.067000000000000004,25,500,0,0.59999999999999998,0,0,0
801,41,0.19500000000000001,2,0.067000000000000004,25,500,0.23000000000000001,0.59999999999999998,0,1,1
802,41,0.19500000000000001,2,0.063,25,500,0,0.59999999999999998,0,0,0
803,41,0.19500000000000001,2,0.069000000000000006,25,500,0,0.59999999999999998,0,0,0
804,41,0.19500000000000001,10,0.067000000000000004,25,500,0.23000000000000001,0.59999999999999998,0,1,1
805,41,0.19500000000000001,10,0.066000000000000003,25,500,0,0.59999999999999998,0,1,1
806,41,0.19500000000000001,10,0.067000000000000004,25,500,0,0.59999999999999998,0,0,0
807,41,0.19500000000000001,10,0.067000000000000004,25,500,0.23000000000000001,0.59999999999999998,0,1,1
808,41,0.19500000000000001,10,0.063,25,500,0,0.59999999999999998,0,1,1
809,41,0.19500000000000001,10,0.069000000000000006,25,500,0,0.59999999999999998,0,0,0
810,41,0.19500000000000001,2,0,25,600,0.23000000000000001,0.59999999999999998,1,0,1
811,41,0.19500000000000001,2,0,25,600,0,0.59999999999999998,1,0,1
812,41,0.19500000000000001,2,0,25,600,0,0.59999999999999998,1,0,1
813,41,0.19500000000000001,2,0,25,600,0.23000000000000001,0.59999999999999998,1.5,0,1
814,41,0.19500000000000001,2,0,25,600,0,0.59999999999999998,1.5,0,1
815,41,0.19500000000000001,2,0,25,600,0,0.59999999999999998,1.5,0,1
816,41,0.19500000000000001,10,0,25,600,0.23000000000000001,0.59999999999999998,1,1,0
817,41,0.19500000000000001,10,0,25,600,0,0.59999999999999998,1,0,1
818,41,0.19500000000000001,10,0,25,600,0,0.59999999999999998,1,0,1
819,41,0.19500000000000001,10,0,25,600,0.23000000000000001,0.59999999999999998,1.5,0,1
820,41,0.19500000000000001,10,0,25,600,0,0.59999999999999998,1.5,0,1
821,41,0.19500000000000001,10,0,25,600,0,0.59999999999999998,1.5,0,1
822,41,0.19500000000000001,2,0.044999999999999998,25,600,0.23000000000000001,0.59999999999999998,1,1,1
823,41,0.19500000000000001,2,0.040000000000000001,25,600,0,0.59999999999999998,1,0,0
824,41,0.19500000000000001,2,0.039,25,600,0,0.59999999999999998,1,0,0
825,41,0.19500000000000001,2,0.049000000000000002,25,600,0.23000000000000001,0.59999999999999998,1.5,0,1
826,41,0.19500000000000001,2,0.040000000000000001,25,600,0,0.59999999999999998,1.5,0,1
827,41,0.19500000000000001,2,0.040000000000000001,25,600,0,0.59999999999999998,1.5,0,1
828,41,0.19500000000000001,10,0.044999999999999998,25,600,0.23000000000000001,0.59999999999999998,1,1,1
829,41,0.19500000000000001,10,0.040000000000000001,25,600,0,0.59999999999999998,1,0,0
830,41,0.19500000000000001,10,0.039,25,600,0,0.59999999999999998,1,0,0
831,41,0.19500000000000001,10,0.049000000000000002,25,600,0.23000000000000001,0.59999999999999998,1.5,1,1
832,41,0.19500000000000001,10,0.040000000000000001,25,600,0,0.59999999999999998,1.5,0,0
833,41,0.19500000000000001,10,0.040000000000000001,25,600,0,0.59999999999999998,1.5,0,0
834,41,0.19500000000000001,2,0.067000000000000004,25,600,0.23000000000000001,0.59999999999999998,1,1,1
835,41,0.19500000000000001,2,0.069000000000000006,25,600,0,0.59999999999999998,1,0,0
836,41,0.19500000000000001,2,0.065000000000000002,25,600,0,0.59999999999999998,1,0,0
837,41,0.19500000000000001,2,0.062,25,600,0.23000000000000001,0.59999999999999998,1.5,0,0
838,41,0.19500000000000001,2,0.067000000000000004,25,600,0,0.59999999999999998,1.5,0,0
839,41,0.19500000000000001,2,0.066000000000000003,25,600,0,0.59999999999999998,1.5,0,0
840,41,0.19500000000000001,10,0.067000000000000004,25,600,0.23000000000000001,0.59999999999999998,1,1,1
841,41,0.19500000000000001,10,0.069000000000000006,25,600,0,0.59999999999999998,1,0,0
842,41,0.19500000000000001,10,0.065000000000000002,25,600,0,0.59999999999999998,1,0,0
843,41,0.19500000000000001,10,0.062,25,600,0.23000000000000001,0.59999999999999998,1.5,1,1
844,41,0.19500000000000001,10,0.067000000000000004,25,600,0,0.59999999999999998,1.5,0,0
845,41,0.19500000000000001,10,0.066000000000000003,25,600,0,0.59999999999999998,1.5,0,0
846,42,0.14699999999999999,5,0.078,25,800,0.157,1.1799999999999999,0,1,1
847,42,0.14699999999999999,5,0.059999999999999998,25,800,0.157,1.1799999999999999,0,1,1
848,42,0.14699999999999999,5,0.056000000000000001,25,800,0.157,1.1799999999999999,0,1,1
849,42,0.14699999999999999,5,0.0040000000000000001,25,800,0.157,1.1799999999999999,0,0,1
850,42,0.14699999999999999,5,0.002,25,800,0.157,1.1799999999999999,0,0,0
851,43,0.442,40,0,50,200,0,16,0,0,1
852,43,0.442,40,0,50,400,0,16,0,0,1
853,43,0.442,40,0.021000000000000001,50,200,0,16,0,0,1
854,43,0.442,40,0.021000000000000001,50,400,0,16,0,0,1
855,43,0.442,40,0.021000000000000001,50,800,0,16,0,1,0
856,43,0.442,40,0.021000000000000001,50,1000,0,16,0,1,0
857,44,0.17100000000000001,2,0.001,50,600,0.14399999999999999,2,0,1,0
858,44,0.17100000000000001,2,0.001,50,600,0.14399999999999999,2,0.5,0,1
859,44,0.17100000000000001,2,0.001,50,600,0.14399999999999999,2,1,0,1
860,44,0.17100000000000001,2,0.001,50,600,0.14399999999999999,2,1.5,0,1
861,44,0.17100000000000001,2,0.001,50,600,0.14399999999999999,2,2,0,1
862,44,0.17100000000000001,5,0.001,50,600,0.14399999999999999,2,0,1,0
863,44,0.17100000000000001,5,0.001,50,600,0.14399999999999999,2,0.5,0,1
864,44,0.17100000000000001,5,0.001,50,600,0.14399999999999999,2,1,0,1
865,44,0.17100000000000001,5,0.001,50,600,0.14399999999999999,2,1.5,0,1
866,44,0.17100000000000001,5,0.001,50,600,0.14399999999999999,2,2,0,1
867,44,0.17100000000000001,15,0.001,50,600,0.14399999999999999,2,0,1,1
868,44,0.17100000000000001,15,0.001,50,600,0.14399999999999999,2,0.5,0,0
869,44,0.17100000000000001,15,0.001,50,600,0.14399999999999999,2,1,0,0
870,44,0.17100000000000001,15,0.001,50,600,0.14399999999999999,2,1.5,0,1
871,44,0.17100000000000001,15,0.001,50,600,0.14399999999999999,2,2,0,1
872,45,0.5,66,0.050999999999999997,145,678,0,16,0,1,1
873,45,0.5,66,0.055,145,678,0,16,0,1,1
874,46,0.375,66,0.039,75,200,0,16,0,0,1
875,46,0.375,66,0.039,75,400,0,16,0,0,1
876,46,0.375,66,0.039,75,500,0,16,0,0,1
877,46,0.375,66,0.039,75,539,0,16,0,1,1
878,46,0.375,66,0.039,75,600,0,16,0,1,1
879,46,0.375,66,0.039,75,678,0,16,0,1,1
880,47,0.52000000000000002,8,0.025999999999999999,75,300,0,20,0,0,1
881,47,0.52000000000000002,8,0.025999999999999999,75,600,0,20,0,0,1
882,47,0.52000000000000002,8,0.02,75,300,0,20,0,0,1
883,47,0.52000000000000002,8,0.02,75,600,0,20,0,1,0
884,47,0.52000000000000002,8,0,75,300,0,20,0,0,1
885,47,0.52000000000000002,8,0,75,600,0,20,0,0,1
886,47,0.52000000000000002,8,0.032000000000000001,50,300,0,20,0,0,1
887,47,0.52000000000000002,8,0.032000000000000001,50,600,0,20,0,0,1
888,47,0.52000000000000002,8,0.025999999999999999,50,300,0,20,0,0,1
889,47,0.52000000000000002,8,0.025999999999999999,50,600,0,20,0,0,1
890,47,0.52000000000000002,8,0,50,300,0,20,0,0,1
891,47,0.52000000000000002,8,0,50,600,0,20,0,0,1
892,47,0.25,8,0.014999999999999999,75,300,0,10,0,0,1
893,47,0.25,8,0.014999999999999999,75,600,0,10,0,1,0
894,47,0.25,8,0.01,75,300,0,10,0,0,1
895,47,0.25,8,0.01,75,600,0,10,0,1,0
896,47,0.25,8,0,75,300,0,10,0,0,1
897,47,0.25,8,0,75,600,0,10,0,0,1
898,47,0.25,8,0.027,50,300,0,10,0,0,1
899,47,0.25,8,0.027,50,600,0,10,0,0,1
900,47,0.25,8,0.021999999999999999,50,300,0,10,0,0,1
901,47,0.25,8,0.021999999999999999,50,600,0,10,0,0,1
902,47,0.25,8,0,50,300,0,10,0,0,1
903,47,0.25,8,0,50,600,0,10,0,0,1
